[
  {
    "id": 1,
    "name": "Chevrons",
    "description": "Chevrons robustes pour charpente et ossature.",
    "image": "https://images.unsplash.com/photo-1501004318641-b39e6451bec6?q=80&w=1400&auto=format&fit=crop&ixlib=rb-4.0.3&s=abcd",
    "variants": [
      {
        "label": "Chevron 6/11",
        "price": 12000,
        "info": "Profil 6x11 cm"
      },
      {
        "label": "Chevron 6/8",
        "price": 10000,
        "info": "Profil 6x8 cm"
      }
    ]
  },
  {
    "id": 2,
    "name": "Planches (fonds)",
    "description": "Planches pour revêtement et mobilier.",
    "image": "https://images.unsplash.com/photo-1516302350523-80667a9f0d7a?q=80&w=1400&auto=format&fit=crop&ixlib=rb-4.0.3&s=ef01",
    "variants": [
      {
        "label": "Planches fond 15",
        "price": 15000,
        "info": "Épaisseur 15 mm (ex.)"
      },
      {
        "label": "Planches fond 20",
        "price": 18000,
        "info": "Épaisseur 20 mm (ex.)"
      },
      {
        "label": "Planches fond 25",
        "price": 22000,
        "info": "Épaisseur 25 mm (ex.)"
      },
      {
        "label": "Planches fond 30",
        "price": 26000,
        "info": "Épaisseur 30 mm (ex.)"
      }
    ]
  },
  {
    "id": 3,
    "name": "Bois de cadre",
    "description": "Bois pour encadrement et structures légères.",
    "image": "https://images.unsplash.com/photo-1516822003754-cca485356ecb?q=80&w=1400&auto=format&fit=crop&ixlib=rb-4.0.3&s=1234",
    "variants": [
      {
        "label": "Cadre 15/6",
        "price": 14000,
        "info": "Profil 15x6 cm"
      },
      {
        "label": "Cadre 20/6",
        "price": 17000,
        "info": "Profil 20x6 cm"
      }
    ]
  }
]